'id','ico','tx_type','wallet_from','wallet_to','unknown_address_from','block_num','tx_index_in_block','currency','txid','value','price_feed','tokens_to_receive','reject_cases','confirmed_date'
'120','SYNCO-2nd Pre-sale','Deposit','0x7C44937Acf35Bc2866640F99DE99cc3412461013','0x038f78eaeF4EaDb2cAA777B749Cd956f8Aa5a1bA','','5995651','113','ETH','0x428a01d6e98de9127ed394e1a58c1f47a6fd0741858c6caad8307c1de5fb4b46','1.029000000000000000','47800/2018-07-20 00:00:00','49186.200000000000000000','[]','July 20, 2018, 2:45 a.m.'
'119','SYNCO-2nd Pre-sale','Deposit','0xd9FFc1fF30f0B52927400847C59222d4617D613d','0x038f78eaeF4EaDb2cAA777B749Cd956f8Aa5a1bA','','5995556','71','ETH','0x8fcdfeaf75eb54a57f46af24f8bf473cb63ada70301d75fd67403fa5d418dd41','8.000000000000000000','47800/2018-07-20 00:00:00','382400.000000000000000000','[]','July 20, 2018, 2:24 a.m.'
'118','SYNCO-2nd Pre-sale','Deposit','0x3cD01038D246ca3c78AC8f93EA35321F8d6E2F93','0x038f78eaeF4EaDb2cAA777B749Cd956f8Aa5a1bA','','5995068','123','ETH','0x33de429e6dce38bb4468f1a20bb8b8d33f4c232063fa543428d07a1b0acfe66a','2.000000000000000000','47800/2018-07-20 00:00:00','95600.000000000000000000','[]','July 20, 2018, 12:30 a.m.'
'117','SYNCO-2nd Pre-sale','Deposit','0x8302b781f0866D86D53f819E6e41959e4a1035E3','0x038f78eaeF4EaDb2cAA777B749Cd956f8Aa5a1bA','','5994733','30','ETH','0x5584bd9937b4ff14eaf6f77e95c22aaff6ebb1ef64bda5ff58e1ed271ba39e46','1.600000000000000000','50600/2018-07-19 00:00:00','80960.000000000000000000','[]','July 19, 2018, 11:10 p.m.'
'116','SYNCO-2nd Pre-sale','Deposit','0x3b58337a84520507D7f58b8306B04de52051E114','0x038f78eaeF4EaDb2cAA777B749Cd956f8Aa5a1bA','','5990119','42','ETH','0x94a03bd18f4a9f3f017599bc32750a90e7708cc5a8953d0d58a8ed20b41132c8','2.000000000000000000','50600/2018-07-19 00:00:00','101200.000000000000000000','[]','July 19, 2018, 4:04 a.m.'
'115','SYNCO-2nd Pre-sale','Deposit','0x259fEf25Ca097e0310658804B542fc7d61c9204b','0x038f78eaeF4EaDb2cAA777B749Cd956f8Aa5a1bA','','5989694','5','ETH','0xc58f3c904c38d598b3303b7338dc057ee6d4432bca47b5229f5b7bb37a6c62a6','2.000000000000000000','50600/2018-07-19 00:00:00','101200.000000000000000000','[]','July 19, 2018, 2:16 a.m.'
'114','SYNCO-2nd Pre-sale','Deposit','0x3b58337a84520507D7f58b8306B04de52051E114','0x038f78eaeF4EaDb2cAA777B749Cd956f8Aa5a1bA','','5984748','17','ETH','0xd697ab198e7cf2d0a7bcbdf3683eca97f97b45dc6dc2d92f337dda7280483b8b','2.000000000000000000','47500/2018-07-18 00:00:00','95000.000000000000000000','[]','July 18, 2018, 5:44 a.m.'
'113','SYNCO-2nd Pre-sale','Deposit','0x42C23e76334774a242d1bEC2E80898065583F8C0','0x038f78eaeF4EaDb2cAA777B749Cd956f8Aa5a1bA','','5981440','164','ETH','0xe157b66460b7517674f63ff358547d5235f9daa383277bde43d10a035ef8047b','1.200000000000000000','45000/2018-07-17 00:00:00','54000.000000000000000000','[]','July 17, 2018, 4:13 p.m.'
'112','SYNCO-2nd Pre-sale','Deposit','0xE391dBd99Fd1d03C2C46bE53102dF08Ffae784fD','0x038f78eaeF4EaDb2cAA777B749Cd956f8Aa5a1bA','','5979850','227','ETH','0x34891fec75c62522d3e42c0855de8c3f1db7bea74278d993e9458d7324f303ac','1.000000000000000000','45000/2018-07-17 00:00:00','45000.000000000000000000','[]','July 17, 2018, 9:35 a.m.'
'111','SYNCO-2nd Pre-sale','Deposit','0x8302b781f0866D86D53f819E6e41959e4a1035E3','0x038f78eaeF4EaDb2cAA777B749Cd956f8Aa5a1bA','','5940908','3','ETH','0x401c71b11e457fecf0de26cd9fec618b439934da131634cf7a8a1defc31a343d','1.200000000000000000','48400/2018-07-10 00:00:00','58080.000000000000000000','[]','July 10, 2018, 8:33 p.m.'
'110','SYNCO-2nd Pre-sale','Deposit','0x8302b781f0866D86D53f819E6e41959e4a1035E3','0x038f78eaeF4EaDb2cAA777B749Cd956f8Aa5a1bA','','5935631','29','ETH','0x536b9782c424c2ea596ada48aa2e03944e0dd627b1fb8c00ab197410013bf8a6','0.100000000000000000','49400/2018-07-09 00:00:00','4940.000000000000000000','[]','July 9, 2018, 10:45 p.m.'
'109','SYNCO-2nd Pre-sale','Deposit','0x8302b781f0866D86D53f819E6e41959e4a1035E3','0x038f78eaeF4EaDb2cAA777B749Cd956f8Aa5a1bA','','5935185','144','ETH','0x43a15a045488e0296044d35f9a3689d9d9c0df0d536e94d43917810b2f608daf','3.300000000000000000','49400/2018-07-09 00:00:00','163020.000000000000000000','[]','July 9, 2018, 9:02 p.m.'
'108','SYNCO-2nd Pre-sale','Deposit','0x8307FeeAc22961279d339cb30E0Be6f47b9bF2b7','0x038f78eaeF4EaDb2cAA777B749Cd956f8Aa5a1bA','','5902703','71','ETH','0x5c78990c8a6abea0198467df17f9131fe3611cb7af4266e65c2d467cfbd27f5b','1.000000000000000000','48100/2018-07-04 00:00:00','48100.000000000000000000','[]','July 4, 2018, 6:41 a.m.'
'107','SYNCO-2nd Pre-sale','Deposit','0x67801D1488d4465420893BC0fF10FfF678Af4A98','0x038f78eaeF4EaDb2cAA777B749Cd956f8Aa5a1bA','','5878562','16','ETH','0x6f452c986821c8d5a706b8af46a1ed6c1edefe734186af60f7908eb0d6739c6a','1.300000000000000000','41900/2018-06-30 00:00:00','54470.000000000000000000','[]','June 30, 2018, 3:48 a.m.'
'106','SYNCO-1st Pre-sale','Deposit','0x67801D1488d4465420893BC0fF10FfF678Af4A98','0x038f78eaeF4EaDb2cAA777B749Cd956f8Aa5a1bA','','5815780','11','ETH','0x93bffa1bcf1457d4dde2e8bc818eaf000806fdbc2675b5b5eedda23c9201d6b1','1.250000000000000000','74329/2018-06-19 00:00:00','92911.250000000000000000','[''OUT_OF_PERIOD'']','June 19, 2018, 8:35 a.m.'
'105','SYNCO-1st Pre-sale','Deposit','0x88d8C46cb7dd74F2095Bcd99A5E1ef78AD5d50aa','0x038f78eaeF4EaDb2cAA777B749Cd956f8Aa5a1bA','','5814447','12','ETH','0xd34f3486cf869dfa09fe6a60177afcaaed7236a027672c966a15b675b04d8322','4.500000000000000000','74329/2018-06-19 00:00:00','334480.500000000000000000','[]','June 19, 2018, 3:03 a.m.'
'104','SYNCO-1st Pre-sale','Deposit','0xE4564957c8025F6c5d29475DE1bBEE1CC5C9f2A8','0x038f78eaeF4EaDb2cAA777B749Cd956f8Aa5a1bA','','5814409','6','ETH','0xe759f58ac06b315940c49a5f06878fe7edeee02b4b5dc48b5e05baf5541d8dde','10.000000000000000000','74329/2018-06-19 00:00:00','743290.000000000000000000','[]','June 19, 2018, 2:54 a.m.'
'103','SYNCO-1st Pre-sale','Deposit','0x5fC7c2B774E088fAD90dECFd1496500D8032312f','0x038f78eaeF4EaDb2cAA777B749Cd956f8Aa5a1bA','','5814393','39','ETH','0x5a7e308a0c7ff0ecc8a88ec7fd988b1ccc90f3efd9495724de450c6c0b8fd1b9','3.000000000000000000','74329/2018-06-19 00:00:00','222987.000000000000000000','[]','June 19, 2018, 2:50 a.m.'
'102','SYNCO-1st Pre-sale','Deposit','None','0x038f78eaeF4EaDb2cAA777B749Cd956f8Aa5a1bA','390dE26d772D2e2005C6d1d24afC902bae37a4bB','5814327','109','ETH','0x581997a27a029ce6b6615653f97c959704949ae063954b0b75a803d5f22ff7c2','1.000000000000000000','74329/2018-06-19 00:00:00','74329.000000000000000000','[]','June 19, 2018, 2:35 a.m.'
'101','SYNCO-1st Pre-sale','Deposit','0x259fEf25Ca097e0310658804B542fc7d61c9204b','0x038f78eaeF4EaDb2cAA777B749Cd956f8Aa5a1bA','','5814253','104','ETH','0x46e8f2e938d235c909dc1ab6cba22fded46d514fd26aaed68b448ce12c0e8623','1.000000000000000000','74329/2018-06-19 00:00:00','74329.000000000000000000','[]','June 19, 2018, 2:15 a.m.'
'100','SYNCO-1st Pre-sale','Deposit','0x9c9eB1056AD7624c16e169173ADaF8EB3C6b8058','0x038f78eaeF4EaDb2cAA777B749Cd956f8Aa5a1bA','','5814151','140','ETH','0x34d3ca91e9ade71578c94b7ebad9fd8b37ff89f267aaf2c06fc6e8e8f3ca8310','1.000000000000000000','74329/2018-06-19 00:00:00','74329.000000000000000000','[]','June 19, 2018, 1:50 a.m.'
'99','SYNCO-1st Pre-sale','Deposit','0x8492013386C69EdE9bFBe80be90CEEaAa416Aa0A','0x038f78eaeF4EaDb2cAA777B749Cd956f8Aa5a1bA','','5812403','0','ETH','0xddf2cf509d5e039125d0ee8e79d928106a018e38b5ba586adefccf7e0749c0f8','4.080000000000000000','75374/2018-06-18 00:00:00','307525.920000000000000000','[]','June 18, 2018, 6:50 p.m.'
'98','SYNCO-1st Pre-sale','Deposit','0x20D090B61d86B2abA66acB5287aD8fad362a2165','0x038f78eaeF4EaDb2cAA777B749Cd956f8Aa5a1bA','','5810302','52','ETH','0xce38afb29f348e71c4b800b9bb850c01e97e0b9beb996844f6f66fbb8dadd67f','4.999139000000000000','75374/2018-06-18 00:00:00','376805.102986000000000000','[]','June 18, 2018, 10:18 a.m.'
'97','SYNCO-1st Pre-sale','Deposit','0x3e44F6bddF38f5cF70f34D568396eaf13B6a8C70','0x038f78eaeF4EaDb2cAA777B749Cd956f8Aa5a1bA','','5810048','115','ETH','0xfffbb7c59ff4ec1445ecd6aac894dc2d7d953fc9c0e6967f2bb02319ebe4a4a5','10.000000000000000000','75374/2018-06-18 00:00:00','753740.000000000000000000','[]','June 18, 2018, 9:16 a.m.'
'96','SYNCO-1st Pre-sale','Deposit','0xAd0195269373a56bf4e0131Fa58A5Bb2086BFC22','0x038f78eaeF4EaDb2cAA777B749Cd956f8Aa5a1bA','','5810001','121','ETH','0xa9c91c95e7357532fb2e2709f18a8925dcbd440402cdefd72a252baff25433bb','3.000000000000000000','75374/2018-06-18 00:00:00','226122.000000000000000000','[]','June 18, 2018, 9:03 a.m.'
'95','SYNCO-1st Pre-sale','Deposit','0x54ebFDaD8C945E64C3FEb11cBdDeD255A587FAC4','0x038f78eaeF4EaDb2cAA777B749Cd956f8Aa5a1bA','','5809899','8','ETH','0x5c08bfc59c50b5b6a6677201c46fd2756730b658f57772f2c8c91a4d5863fe26','10.000000000000000000','75374/2018-06-18 00:00:00','753740.000000000000000000','[]','June 18, 2018, 8:34 a.m.'
'94','SYNCO-1st Pre-sale','Deposit','0x8F4A4753463a0d504660d9A7D669D35BEc83b897','0x038f78eaeF4EaDb2cAA777B749Cd956f8Aa5a1bA','','5809518','7','ETH','0x9acc26ee4f00bfa15bf6c18267fa369e7748ea2197333e2372d9c182a2d5ae81','2.000000000000000000','75374/2018-06-18 00:00:00','150748.000000000000000000','[]','June 18, 2018, 6:59 a.m.'
'93','SYNCO-1st Pre-sale','Deposit','0xc604F963358845bccd6471A1D38008288A5F1215','0x038f78eaeF4EaDb2cAA777B749Cd956f8Aa5a1bA','','5809154','12','ETH','0x3832cefbe0bd245c76ce2c59549816f34dae2133c62249ba3e2e9b560a69883d','10.000000000000000000','75374/2018-06-18 00:00:00','753740.000000000000000000','[]','June 18, 2018, 5:26 a.m.'
'92','SYNCO-1st Pre-sale','Deposit','0xAd0195269373a56bf4e0131Fa58A5Bb2086BFC22','0x038f78eaeF4EaDb2cAA777B749Cd956f8Aa5a1bA','','5808515','20','ETH','0xbf20487cc7fb54595e7cc635f6857874f2639cc0eb730874964f97c2bbed64f7','2.000000000000000000','75374/2018-06-18 00:00:00','150748.000000000000000000','[]','June 18, 2018, 2:51 a.m.'
'91','SYNCO-1st Pre-sale','Deposit','0x8201A94F8e485a2B8FF18B565175fB638f277C4a','0x038f78eaeF4EaDb2cAA777B749Cd956f8Aa5a1bA','','5808056','8','ETH','0x98681f890eb832c4016dc39c577213c9c48b767a5a13afb30e1bfe9e9c58f137','10.000000000000000000','75374/2018-06-18 00:00:00','753740.000000000000000000','[]','June 18, 2018, 1:07 a.m.'
'90','SYNCO-1st Pre-sale','Deposit','0x5fC7c2B774E088fAD90dECFd1496500D8032312f','0x038f78eaeF4EaDb2cAA777B749Cd956f8Aa5a1bA','','5805368','97','ETH','0xa741a9e701cbf3027f124f3aec23beb963b81f096589a4649b1edbc1b2555ff9','1.000000000000000000','74777/2018-06-17 00:00:00','74777.000000000000000000','[]','June 17, 2018, 2:19 p.m.'
'89','SYNCO-1st Pre-sale','Deposit','0x812896C8184da054677272788Fbe5c95b81C6810','0x038f78eaeF4EaDb2cAA777B749Cd956f8Aa5a1bA','','5802303','103','ETH','0x3bdb569fa1081396e174e8c0229f19ddde24e8ce01203ab783d42ba66b55b0cc','5.000000000000000000','74777/2018-06-17 00:00:00','373885.000000000000000000','[]','June 17, 2018, 1:55 a.m.'
'88','SYNCO-1st Pre-sale','Deposit','0xAd0195269373a56bf4e0131Fa58A5Bb2086BFC22','0x038f78eaeF4EaDb2cAA777B749Cd956f8Aa5a1bA','','5801759','150','ETH','0xc6fb147ca83b618104188ae8b1e705ecfdb15007ee8833476718b93e4a309478','3.000000000000000000','75821/2018-06-16 00:00:00','227463.000000000000000000','[]','June 16, 2018, 11:40 p.m.'
'87','SYNCO-1st Pre-sale','Deposit','0x78f27C1Dc120767E745f76865F5C4EA385Cb830a','0x038f78eaeF4EaDb2cAA777B749Cd956f8Aa5a1bA','','5801683','30','ETH','0xa6f3e422c69644d29ba566fe4340bbb3192a92ee8166586375ffa2ead4a5e57e','2.000000000000000000','75821/2018-06-16 00:00:00','151642.000000000000000000','[]','June 16, 2018, 11:22 p.m.'
'86','SYNCO-1st Pre-sale','Deposit','0x9415671c8334E03B94b7115885233Cc7c773082a','0x038f78eaeF4EaDb2cAA777B749Cd956f8Aa5a1bA','','5795966','10','ETH','0x43e146ce363035d724455aef152ade7755c6b8764598e3c789800cea38d26261','10.000000000000000000','73135/2018-06-15 00:00:00','731350.000000000000000000','[]','June 15, 2018, 11:57 p.m.'
'85','SYNCO-1st Pre-sale','Deposit','0x9c9eB1056AD7624c16e169173ADaF8EB3C6b8058','0x038f78eaeF4EaDb2cAA777B749Cd956f8Aa5a1bA','','5792259','130','ETH','0x8368f3726f3dc75cc2eafe8ee62fffc1947fbc14d986ff5ff6f9fbc092637439','1.000000000000000000','73135/2018-06-15 00:00:00','73135.000000000000000000','[]','June 15, 2018, 8:40 a.m.'
'84','SYNCO-1st Pre-sale','Deposit','0x6f93CD95bBC6de62cff4826A7427Ced37bB76a41','0x038f78eaeF4EaDb2cAA777B749Cd956f8Aa5a1bA','','5790357','60','ETH','0xae168d0dc0d417fc84c21677b7a0cbc3faec8a13376b0d2cfa2d16a4da6dbd68','10.000000000000000000','73135/2018-06-15 00:00:00','731350.000000000000000000','[]','June 15, 2018, 12:42 a.m.'
'83','SYNCO-1st Pre-sale','Deposit','0x6242Bba7901BFb697EDdf698ED9F1F49fDf694cB','0x038f78eaeF4EaDb2cAA777B749Cd956f8Aa5a1bA','','5786260','18','ETH','0x86eeeff87ad24581a05f7112b985c68d4c6b02bafb5f43adac9ac1f302021d9f','1.000000000000000000','74180/2018-06-14 00:00:00','74180.000000000000000000','[]','June 14, 2018, 7:42 a.m.'
'82','SYNCO-1st Pre-sale','Deposit','0x5fC7c2B774E088fAD90dECFd1496500D8032312f','0x038f78eaeF4EaDb2cAA777B749Cd956f8Aa5a1bA','','5785964','4','ETH','0x652ec28ae8c33942b639e5c1a71f1354a4d69d08d2bfff84480f89b821827ab3','1.000000000000000000','74180/2018-06-14 00:00:00','74180.000000000000000000','[]','June 14, 2018, 6:29 a.m.'
'81','SYNCO-1st Pre-sale','Deposit','0x3f94c4dc3Eb76B8fC5652FAF632Dd4A919dC6A47','0x038f78eaeF4EaDb2cAA777B749Cd956f8Aa5a1bA','','5777990','16','ETH','0xa1a74f5e70d158e2784fdfd87d41ab79562aa1425ceaafd0e2451b375c5ed094','2.776818740000000000','79851/2018-06-12 00:00:00','221731.753207740000000000','[]','June 12, 2018, 9:12 p.m.'
'80','SYNCO-1st Pre-sale','Deposit','0x3f94c4dc3Eb76B8fC5652FAF632Dd4A919dC6A47','0x038f78eaeF4EaDb2cAA777B749Cd956f8Aa5a1bA','','5776525','57','ETH','0xbce5d90bb4fbb4916a0e239d56bb81c2d2a5108ebdb7c01e0dc82611054685d9','1.102160000000000000','79851/2018-06-12 00:00:00','88008.578160000000000000','[]','June 12, 2018, 3:07 p.m.'
'79','SYNCO-1st Pre-sale','Deposit','0x69a19E8f859cB7e3f5b4703315BBD63D7b1803C6','0x038f78eaeF4EaDb2cAA777B749Cd956f8Aa5a1bA','','5773604','10','ETH','0x663f1157e650c6a18c2e9b8f2a8772584d14f331a0d82f38abb068b9b5b3d14c','1.000000000000000000','79851/2018-06-12 00:00:00','79851.000000000000000000','[]','June 12, 2018, 2:43 a.m.'
'78','SYNCO-1st Pre-sale','Deposit','0xAa8c9650864E9A0c035d1a8414100E23f06A2D36','0x038f78eaeF4EaDb2cAA777B749Cd956f8Aa5a1bA','','5773051','119','ETH','0x2f3555fa0394a58244eb52da23c27185071373e68c6d01089b57b19adb510641','1.620000000000000000','79851/2018-06-12 00:00:00','129358.620000000000000000','[]','June 12, 2018, 12:24 a.m.'
'77','SYNCO-1st Pre-sale','Deposit','0x37aa7E8C39acAF9003Fa33adc2E01f5268b24969','0x038f78eaeF4EaDb2cAA777B749Cd956f8Aa5a1bA','','5771094','32','ETH','0x584264c29260596cdc52744e9c51cf999bc89bf676dd34c3e98ea945dd74ef30','2.642148450000000000','85971/2018-06-11 00:00:00','227148.144394950000000000','[]','June 11, 2018, 4:13 p.m.'
'76','SYNCO-1st Pre-sale','Deposit','0x69a19E8f859cB7e3f5b4703315BBD63D7b1803C6','0x038f78eaeF4EaDb2cAA777B749Cd956f8Aa5a1bA','','5769471','27','ETH','0xcf5418f2d88645d0e017a661438c54386078d8ec19dacb8694dd68db94e9dfe1','1.450000000000000000','85971/2018-06-11 00:00:00','124657.950000000000000000','[]','June 11, 2018, 9:20 a.m.'
'75','SYNCO-1st Pre-sale','Deposit','0xcEd5a85B44aC9AB5945F49CC1C793a67C4C8AdD2','0x038f78eaeF4EaDb2cAA777B749Cd956f8Aa5a1bA','','5769415','226','ETH','0xddea77cf8803c6cb0c88c149b7f09f720abb48bdec9b5a73dde1671b2bb19c03','3.000000000000000000','85971/2018-06-11 00:00:00','257913.000000000000000000','[]','June 11, 2018, 9:05 a.m.'
'74','SYNCO-1st Pre-sale','Deposit','0x7E3Fd775b24558CAa7FEd60aFc1C00cEdC2cb122','0x038f78eaeF4EaDb2cAA777B749Cd956f8Aa5a1bA','','5768266','68','ETH','0x5f10a9bf5bdc785e71e4d7fe18d9b86b84aa4f21fd979c265f104212cfdeddd2','6.000000000000000000','85971/2018-06-11 00:00:00','515826.000000000000000000','[]','June 11, 2018, 4:10 a.m.'
'73','SYNCO-1st Pre-sale','Deposit','0x8d4821B89D4625bF6a89E6A617922A526C8058Ba','0x038f78eaeF4EaDb2cAA777B749Cd956f8Aa5a1bA','','5764161','58','ETH','0x87ab0878a6379fe1938ede6be7d63909db55a3466eea8b246fb7c991fd39ad22','1.006800000000000000','90747/2018-06-10 00:00:00','91364.079600000000000000','[]','June 10, 2018, 10:40 a.m.'
'72','SYNCO-1st Pre-sale','Deposit','0x0eBe26F8e72bc461d18385d97fAF57dFeeC10e61','0x038f78eaeF4EaDb2cAA777B749Cd956f8Aa5a1bA','','5763786','22','ETH','0x59aa14f2d01651f60d0e830daff71345fc289ea79d31b2a7430fbf6dc1deb811','10.099139000000000000','90747/2018-06-10 00:00:00','916466.566833000000000000','[]','June 10, 2018, 9:06 a.m.'
'71','SYNCO-1st Pre-sale','Deposit','0x00eEE0Bb6Bd0F86722AaA43E127cE59F54D295De','0x038f78eaeF4EaDb2cAA777B749Cd956f8Aa5a1bA','','5759333','11','ETH','0x1050b019f1b391cf1a4006eb82f62d689d24c77202ee5baa8f5ea505160228ba','0.059024300000000000','90299/2018-06-09 00:00:00','5329.835265700000000000','[]','June 9, 2018, 1:58 p.m.'
'70','SYNCO-1st Pre-sale','Deposit','0x00eEE0Bb6Bd0F86722AaA43E127cE59F54D295De','0x038f78eaeF4EaDb2cAA777B749Cd956f8Aa5a1bA','','5759264','106','ETH','0xbfafe35d693d48e91c1ec8f56f45c687fdde98eba37dbab3a574a9bc917231ee','1.360000000000000000','90299/2018-06-09 00:00:00','122806.640000000000000000','[]','June 9, 2018, 1:40 p.m.'
'69','SYNCO-1st Pre-sale','Deposit','0x76E1bADD69b79786C533C4c031C067e5A33D113e','0x038f78eaeF4EaDb2cAA777B749Cd956f8Aa5a1bA','','5759186','9','ETH','0x139aa6c28db77ee76924f56703f46da08016c1384c73edd920cb81409edc2609','2.000000000000000000','90299/2018-06-09 00:00:00','180598.000000000000000000','[]','June 9, 2018, 1:22 p.m.'
'68','SYNCO-1st Pre-sale','Deposit','0xbFF73466159e5492Cb4C0b4A2214820A84417E15','0x038f78eaeF4EaDb2cAA777B749Cd956f8Aa5a1bA','','5755940','32','ETH','0x8cad77736fbac30001635a68d092bf4bf50a8ebbe74b0bec5e6ae31593425efa','2.000000000000000000','91195/2018-06-08 00:00:00','182390.000000000000000000','[]','June 8, 2018, 11:29 p.m.'
'67','SYNCO-1st Pre-sale','Deposit','0x78f27C1Dc120767E745f76865F5C4EA385Cb830a','0x038f78eaeF4EaDb2cAA777B749Cd956f8Aa5a1bA','','5753704','111','ETH','0x563c49063731c01fe5b4b216d625d362ea78310676c26899464b0008915afbca','1.000000000000000000','91195/2018-06-08 00:00:00','91195.000000000000000000','[]','June 8, 2018, 2:10 p.m.'
'66','SYNCO-1st Pre-sale','Deposit','0x126848CfA4439b9d87A8637cdb1C315a84881F7D','0x038f78eaeF4EaDb2cAA777B749Cd956f8Aa5a1bA','','5752791','29','ETH','0x4ab3d3938ff755b01ec4af4269fe578357eaac4c7ceb234c788c0ebbfe933aa0','10.000000000000000000','91195/2018-06-08 00:00:00','911950.000000000000000000','[]','June 8, 2018, 10:23 a.m.'
'65','SYNCO-1st Pre-sale','Deposit','0x715f4325261381dEAa0D3E54f64Dfd2938160784','0x038f78eaeF4EaDb2cAA777B749Cd956f8Aa5a1bA','','5750909','15','ETH','0xa409a956b2b58560e401741a229239de16769b0d47d4aee5abb60fcac81d48e1','3.000000000000000000','91195/2018-06-08 00:00:00','273585.000000000000000000','[]','June 8, 2018, 2:22 a.m.'
'64','SYNCO-1st Pre-sale','Deposit','0xEe11f25297843DcDFdE7Ef02FCf197651200e538','0x038f78eaeF4EaDb2cAA777B749Cd956f8Aa5a1bA','','5750581','27','ETH','0xefbc1f54d23c94b024dbd8170813c87aee72de5c00a040f48f797e06e82a7a0b','2.000000000000000000','91195/2018-06-08 00:00:00','182390.000000000000000000','[]','June 8, 2018, 12:56 a.m.'
'63','SYNCO-1st Pre-sale','Deposit','0x37A40a3727dbE73d1917CE160031D86fd4EC7f74','0x038f78eaeF4EaDb2cAA777B749Cd956f8Aa5a1bA','','5749093','4','ETH','0x2c8dc6340865e93e50fecdb5bcbba97bc7fd5279412b7b16e4588ae2d5596722','4.990000000000000000','90448/2018-06-07 00:00:00','451335.520000000000000000','[]','June 7, 2018, 6:36 p.m.'
'62','SYNCO-1st Pre-sale','Deposit','0x6680Edc4B918f3dB400cB94acF41012aE94Bf257','0x038f78eaeF4EaDb2cAA777B749Cd956f8Aa5a1bA','','5747812','12','ETH','0x7da98564f279a0443f2f543aedd772dc13a3f045e4cd39f2f9e57451abc1e4f4','4.000000000000000000','90448/2018-06-07 00:00:00','361792.000000000000000000','[]','June 7, 2018, 1:10 p.m.'
'61','SYNCO-1st Pre-sale','Deposit','0xD76626347453bc277Cce23535CBD1Fb8803A1E57','0x038f78eaeF4EaDb2cAA777B749Cd956f8Aa5a1bA','','5747543','166','ETH','0xa4bd816ffd0243a66e01dd383c5cb840797d70184fd0e7557e824fa5e053c92f','10.000000000000000000','90448/2018-06-07 00:00:00','904480.000000000000000000','[]','June 7, 2018, 11:59 a.m.'
'60','SYNCO-1st Pre-sale','Deposit','0x49Fb5E7ef4f72C09e8f76e6111b7DEb9a19AF5b5','0x038f78eaeF4EaDb2cAA777B749Cd956f8Aa5a1bA','','5747050','128','ETH','0x0bb359497c444f0c342d6aecef1429d05668a26903b117720f06d1dce76cf7ff','2.000000000000000000','90448/2018-06-07 00:00:00','180896.000000000000000000','[]','June 7, 2018, 9:52 a.m.'
'59','SYNCO-1st Pre-sale','Deposit','0xEcBD4c7f60f9825B8948EF9137E6a2E72a74C657','0x038f78eaeF4EaDb2cAA777B749Cd956f8Aa5a1bA','','5745735','9','ETH','0x297adece7eacc98bdb148740a5c6d462a6ba7e1fe53f3494283aaccab91f42a7','1.000000000000000000','90448/2018-06-07 00:00:00','90448.000000000000000000','[]','June 7, 2018, 4:11 a.m.'
'58','SYNCO-1st Pre-sale','Deposit','0x141f9AD583947fDF04BE52A63E7ef96Fe6eE579B','0x038f78eaeF4EaDb2cAA777B749Cd956f8Aa5a1bA','','5745247','81','ETH','0x3b25e99adedbe3dcac3dcab289b48b90aa2af82aea1e11fbc753693663cbfa0c','1.000000000000000000','90448/2018-06-07 00:00:00','90448.000000000000000000','[]','June 7, 2018, 2:03 a.m.'
'57','SYNCO-1st Pre-sale','Deposit','0x6680Edc4B918f3dB400cB94acF41012aE94Bf257','0x038f78eaeF4EaDb2cAA777B749Cd956f8Aa5a1bA','','5745211','22','ETH','0x1f50975a003433649110b851744879a7d1807c58e2ff5f47f5bd873bd25475bc','6.000000000000000000','90448/2018-06-07 00:00:00','542688.000000000000000000','[]','June 7, 2018, 1:55 a.m.'
'56','SYNCO-1st Pre-sale','Deposit','0xEcBD4c7f60f9825B8948EF9137E6a2E72a74C657','0x038f78eaeF4EaDb2cAA777B749Cd956f8Aa5a1bA','','5740990','37','ETH','0x6bfe673de32e6710737805069a3442047cf0ff15016cdad2fcc3a21234416fb8','1.000000000000000000','87612/2018-06-06 00:00:00','87612.000000000000000000','[]','June 6, 2018, 7:56 a.m.'
'55','SYNCO-1st Pre-sale','Deposit','0x3ce2877275A8BcD66E7CFaC3C8E07633bfd5a8Fe','0x038f78eaeF4EaDb2cAA777B749Cd956f8Aa5a1bA','','5738113','146','ETH','0x90117e98ac8d703ac385c8b234d16e0549e1114ba0db57e61db4473e3d885860','3.000000000000000000','92239/2018-06-05 00:00:00','276717.000000000000000000','[]','June 5, 2018, 7:48 p.m.'
'54','SYNCO-1st Pre-sale','Deposit','0x38BAB65C779959D9df70eA5250c1B8694CF1e23b','0x038f78eaeF4EaDb2cAA777B749Cd956f8Aa5a1bA','','5736546','91','ETH','0x1e616f8d3b2879cec7c073472baeb0516f114faf8abcc2c5ab196fedc5730b83','2.500000000000000000','92239/2018-06-05 00:00:00','230597.500000000000000000','[]','June 5, 2018, 12:51 p.m.'
'53','SYNCO-1st Pre-sale','Deposit','None','0x038f78eaeF4EaDb2cAA777B749Cd956f8Aa5a1bA','B4f2F957feA0A3eeD30E41cf015D1e34aeF1638F','5736308','18','ETH','0xf8b36c1f685b0d313b896eb27f444402748c80748082ec43a74934213ab7fb32','1.000000000000000000','92239/2018-06-05 00:00:00','92239.000000000000000000','[]','June 5, 2018, 11:49 a.m.'
'52','SYNCO-1st Pre-sale','Deposit','0x78f27C1Dc120767E745f76865F5C4EA385Cb830a','0x038f78eaeF4EaDb2cAA777B749Cd956f8Aa5a1bA','','5735626','226','ETH','0xa5244cdadbf6c9b1a28e00f430bf818a83c9c31a014f2a081eb4924280ac02fc','2.000000000000000000','92239/2018-06-05 00:00:00','184478.000000000000000000','[]','June 5, 2018, 9:03 a.m.'
'51','SYNCO-1st Pre-sale','Deposit','0xc83c7AAB0bDFF91D01eE8DC0754Bd387BC56532b','0x038f78eaeF4EaDb2cAA777B749Cd956f8Aa5a1bA','','5735002','15','ETH','0xa1975569d45346378b535ef09433ef674232cd4c08e32b6346e9c541a53d8448','1.000000000000000000','92239/2018-06-05 00:00:00','92239.000000000000000000','[]','June 5, 2018, 6:15 a.m.'
'50','SYNCO-1st Pre-sale','Deposit','None','0x038f78eaeF4EaDb2cAA777B749Cd956f8Aa5a1bA','167A9333BF582556f35Bd4d16A7E80E191aa6476','5734973','183','ETH','0xdcb210e0c374cc6463b7a2bcda165d014ef674fb7ac27b6bfd2e948527cb79b4','2.000000000000000000','92239/2018-06-05 00:00:00','184478.000000000000000000','[]','June 5, 2018, 6:08 a.m.'
'49','SYNCO-1st Pre-sale','Deposit','None','0x038f78eaeF4EaDb2cAA777B749Cd956f8Aa5a1bA','5521a68D4F8253fC44BFb1490249369b3E299A4A','5700537','100','ETH','0x1933e4c1e3ae8b12db75c16f408d94903f52193e73d15b0e928b85ecd739aa5d','5.000000000000000000','78359/2018-05-30 00:00:00','391795.000000000000000000','[]','May 30, 2018, 3:33 a.m.'
'48','SYNCO-1st Pre-sale','Deposit','None','0x038f78eaeF4EaDb2cAA777B749Cd956f8Aa5a1bA','390dE26d772D2e2005C6d1d24afC902bae37a4bB','5706503','25','ETH','0x03d50578f5428585db53451f5d77c0b278eace6a65e0d06b2c59a97c4e38e138','2.000000000000000000','85374/2018-05-31 00:00:00','170748.000000000000000000','[]','May 31, 2018, 5:08 a.m.'
'47','SYNCO-1st Pre-sale','Deposit','None','0x038f78eaeF4EaDb2cAA777B749Cd956f8Aa5a1bA','390dE26d772D2e2005C6d1d24afC902bae37a4bB','5706699','98','ETH','0x7fe168cf3e932395337f8f25d51d693a280ee9c82656b8bb6a8d7c2a23a7baf2','1.000000000000000000','85374/2018-05-31 00:00:00','85374.000000000000000000','[]','May 31, 2018, 5:58 a.m.'
'46','SYNCO-1st Pre-sale','Deposit','None','0x038f78eaeF4EaDb2cAA777B749Cd956f8Aa5a1bA','390dE26d772D2e2005C6d1d24afC902bae37a4bB','5729210','22','ETH','0x6c8d36d2d515c13c02d5381343a2c3815e362536466f3f953cc572a21f328826','10.000000000000000000','88956/2018-06-04 00:00:00','889560.000000000000000000','[]','June 4, 2018, 5:50 a.m.'
'45','SYNCO-1st Pre-sale','Deposit','0x34bA0fDfbD7B5D1a31c959d7a8039D4BfBc119DA','0x038f78eaeF4EaDb2cAA777B749Cd956f8Aa5a1bA','','5734879','47','ETH','0xa2eed835759ab286b07f1dbaef69fe9815edde5498f0e4155409e7a223729118','2.000000000000000000','92239/2018-06-05 00:00:00','184478.000000000000000000','[]','June 5, 2018, 5:43 a.m.'
'44','SYNCO-1st Pre-sale','Deposit','0xEe11f25297843DcDFdE7Ef02FCf197651200e538','0x038f78eaeF4EaDb2cAA777B749Cd956f8Aa5a1bA','','5734489','7','ETH','0xc3303f3cb0907b664108a04299d709687fe9e6045512a6c1f465b5ab50f9d368','5.000000000000000000','92239/2018-06-05 00:00:00','461195.000000000000000000','[]','June 5, 2018, 4:01 a.m.'
'43','SYNCO-1st Pre-sale','Deposit','0x828524afE121F8eC842D0ce89AB9588e422F1E6A','0x038f78eaeF4EaDb2cAA777B749Cd956f8Aa5a1bA','','5733631','2','ETH','0xee493678712da8ae9268c50a16ed02932e18a58d441c18e5847242a5eaec8069','9.000000000000000000','92239/2018-06-05 00:00:00','830151.000000000000000000','[]','June 5, 2018, 12:30 a.m.'
'42','SYNCO-1st Pre-sale','Deposit','0xCe2adAD1DA5b18EC52D45862a0B21F0Fc3788551','0x038f78eaeF4EaDb2cAA777B749Cd956f8Aa5a1bA','','5732019','16','ETH','0x6e74ddcbac2b0abfb4fc0aa748851fae8d70c806876f17aacc62754a4b9bc879','10.000000000000000000','88956/2018-06-04 00:00:00','889560.000000000000000000','[]','June 4, 2018, 5:44 p.m.'
'41','SYNCO-1st Pre-sale','Deposit','0xEDBf5DAa4409918143af5712ee05eD0D338ABa65','0x038f78eaeF4EaDb2cAA777B749Cd956f8Aa5a1bA','','5731218','290','ETH','0x1696021f0490804a71d39cef18b1663cc74ff001e9c9f143d424827611e8568b','10.000000000000000000','88956/2018-06-04 00:00:00','889560.000000000000000000','[]','June 4, 2018, 2:22 p.m.'
'40','SYNCO-1st Pre-sale','Deposit','0xf845bD85eAf74a2335b07b3A7CF932a899183315','0x038f78eaeF4EaDb2cAA777B749Cd956f8Aa5a1bA','','5730509','51','ETH','0x01f83fe38909250fea48e89235102a25a0092497d7c68ffd3b6ba9d27fa4a3c8','0.200000000000000000','88956/2018-06-04 00:00:00','17791.200000000000000000','[]','June 4, 2018, 11:31 a.m.'
'39','SYNCO-1st Pre-sale','Deposit','0xf845bD85eAf74a2335b07b3A7CF932a899183315','0x038f78eaeF4EaDb2cAA777B749Cd956f8Aa5a1bA','','5730495','13','ETH','0x898bcf9f0ef2562100f26c99e3c35b34068c8a8e1508cd32b67dfef1061300bf','3.000000000000000000','88956/2018-06-04 00:00:00','266868.000000000000000000','[]','June 4, 2018, 11:26 a.m.'
'38','SYNCO-1st Pre-sale','Deposit','0x0c0c4805401204Da7cE99e8D2CF55328C94c3445','0x038f78eaeF4EaDb2cAA777B749Cd956f8Aa5a1bA','','5729133','9','ETH','0x84dbb830dfca6c85e4eb5f0226c18233275ed20e88cbbc2c058ae896875041f0','0.065284200000000000','88956/2018-06-04 00:00:00','5807.421295200000000000','[]','June 4, 2018, 5:29 a.m.'
'37','SYNCO-1st Pre-sale','Deposit','0x252F10563aefA162D8fdA6D604e710e38ad84DaC','0x038f78eaeF4EaDb2cAA777B749Cd956f8Aa5a1bA','','5728782','27','ETH','0x2095f0d048c5624609b8716a4d5c5b0b86c5624c7d31899b357d07d2657519f8','10.000000000000000000','88956/2018-06-04 00:00:00','889560.000000000000000000','[]','June 4, 2018, 4:04 a.m.'
'36','SYNCO-1st Pre-sale','Deposit','0xB67851Da0372FE6d122957e69F9D79D5147a32e4','0x038f78eaeF4EaDb2cAA777B749Cd956f8Aa5a1bA','','5718014','12','ETH','0xfca74ac70aa1ed49801b3cbd7a8f62830b8d7dcf3c55c52d917bf2235410920c','5.000000000000000000','85821/2018-06-02 00:00:00','429105.000000000000000000','[]','June 2, 2018, 5:59 a.m.'
'35','SYNCO-1st Pre-sale','Deposit','0xB59dc386C4080BD2002E4B5DA234864c97835c0c','0x038f78eaeF4EaDb2cAA777B749Cd956f8Aa5a1bA','','5716992','7','ETH','0x4cdb2ff11f44ea298feb865a3568841df57cd264ef99604d01247648feaa2925','5.000000000000000000','85821/2018-06-02 00:00:00','429105.000000000000000000','[]','June 2, 2018, 1:43 a.m.'
'34','SYNCO-1st Pre-sale','Deposit','0x09E93882aEFCf255ed6ED6753641189AbC97c9d5','0x038f78eaeF4EaDb2cAA777B749Cd956f8Aa5a1bA','','5716105','204','ETH','0x52828bf6040b6b68f43ffb493f07fbdf3a582d7f446f55ec27f419f0e81801ec','1.030000000000000000','85523/2018-06-01 00:00:00','88088.690000000000000000','[]','June 1, 2018, 10:02 p.m.'
'33','SYNCO-1st Pre-sale','Deposit','0x141f9AD583947fDF04BE52A63E7ef96Fe6eE579B','0x038f78eaeF4EaDb2cAA777B749Cd956f8Aa5a1bA','','5715317','55','ETH','0x63a687b49d9aa93128395eeb5c558e214ba376eaacda089389f67ece37d845eb','2.100000000000000000','85523/2018-06-01 00:00:00','179598.300000000000000000','[]','June 1, 2018, 6:48 p.m.'
'32','SYNCO-1st Pre-sale','Deposit','0xE8bccc929b4180CdE884cd032c8bdFa2604758aF','0x038f78eaeF4EaDb2cAA777B749Cd956f8Aa5a1bA','','5714246','10','ETH','0xfd4a4de4b574ebbd9ff3e7dd612cebfcd8d0d86561f96ac9f9d695c154c7e5d1','1.000000000000000000','85523/2018-06-01 00:00:00','85523.000000000000000000','[]','June 1, 2018, 2:17 p.m.'
'31','SYNCO-1st Pre-sale','Deposit','0x38F124791824f6Bd8d60D78FAf1ab8531d7d667b','0x038f78eaeF4EaDb2cAA777B749Cd956f8Aa5a1bA','','5713763','33','ETH','0xb9581a1d0f8e69ab25e2d5ad1495806d12a26eb716d6317a5fa47036f52dfb84','2.000000000000000000','85523/2018-06-01 00:00:00','171046.000000000000000000','[]','June 1, 2018, 12:04 p.m.'
'30','SYNCO-1st Pre-sale','Deposit','0x2800DA9a17EC37A8C98b2B5BEBD5171d51769102','0x038f78eaeF4EaDb2cAA777B749Cd956f8Aa5a1bA','','5713685','19','ETH','0x1f5e0c59776699ced0a5b5a22bd055ffdde638c8801dcf3daeca743a9478eee7','1.000000000000000000','85523/2018-06-01 00:00:00','85523.000000000000000000','[]','June 1, 2018, 11:40 a.m.'
'29','SYNCO-1st Pre-sale','Deposit','0x5c7a75f9c7BA52c7a5571CAf2538f3D1DE3FbCba','0x038f78eaeF4EaDb2cAA777B749Cd956f8Aa5a1bA','','5712403','4','ETH','0x2beefef0acc51cc53d2e661438f7129b5abc6f62f2dca04e718e5d72f751032b','1.000000000000000000','85523/2018-06-01 00:00:00','85523.000000000000000000','[]','June 1, 2018, 6:18 a.m.'
'28','SYNCO-1st Pre-sale','Deposit','0x0c0c4805401204Da7cE99e8D2CF55328C94c3445','0x038f78eaeF4EaDb2cAA777B749Cd956f8Aa5a1bA','','5712177','110','ETH','0xf26288bc3ae299a22f799aa4695649650372110ad4540b957bf589a00f3768a2','4.818278000000000000','85523/2018-06-01 00:00:00','412073.589394000000000000','[]','June 1, 2018, 5:18 a.m.'
'27','SYNCO-1st Pre-sale','Deposit','0x5c7a75f9c7BA52c7a5571CAf2538f3D1DE3FbCba','0x038f78eaeF4EaDb2cAA777B749Cd956f8Aa5a1bA','','5712027','66','ETH','0x78dc3fc3d38e41b510ecfb9f1fc018aca89ea9a4f26c609bbfb8a5b4d6ce91d5','1.000000000000000000','85523/2018-06-01 00:00:00','85523.000000000000000000','[]','June 1, 2018, 4:40 a.m.'
'26','SYNCO-1st Pre-sale','Deposit','0xE92C155584E883604c367bE245eD51AEAFed9aa1','0x038f78eaeF4EaDb2cAA777B749Cd956f8Aa5a1bA','','5711886','3','ETH','0x0e19dcfc606b56860b74de7480cb9c661150fc0c078c91aedb899d9aef9440a3','5.000000000000000000','85523/2018-06-01 00:00:00','427615.000000000000000000','[]','June 1, 2018, 4:03 a.m.'
'25','SYNCO-1st Pre-sale','Deposit','0x7da489d29B5f163aF1735939D09E920C249aC8D3','0x038f78eaeF4EaDb2cAA777B749Cd956f8Aa5a1bA','','5711882','1','ETH','0x8a8fd0b5a0b1a5f11f277f76153ec1cc0d7f575be362a62193efb297fb259411','5.000000000000000000','85523/2018-06-01 00:00:00','427615.000000000000000000','[]','June 1, 2018, 4:01 a.m.'
'24','SYNCO-1st Pre-sale','Deposit','0x37A40a3727dbE73d1917CE160031D86fd4EC7f74','0x038f78eaeF4EaDb2cAA777B749Cd956f8Aa5a1bA','','5711460','8','ETH','0x05a80220d4dbdff414495cab01726b0aaf27254a631c92e99c38b8de40f2ef61','0.630000000000000000','85523/2018-06-01 00:00:00','53879.490000000000000000','[]','June 1, 2018, 2:12 a.m.'
'23','SYNCO-1st Pre-sale','Deposit','0x0c0c4805401204Da7cE99e8D2CF55328C94c3445','0x038f78eaeF4EaDb2cAA777B749Cd956f8Aa5a1bA','','5711211','32','ETH','0x2026bbabc378c19c361a5f6db8b08bdf7ff50996ae57f586db276c745bc4dece','2.000000000000000000','85523/2018-06-01 00:00:00','171046.000000000000000000','[]','June 1, 2018, 1:03 a.m.'
'22','SYNCO-1st Pre-sale','Deposit','0x1CeD54D449EeF914d3908434eF995e608035FBee','0x038f78eaeF4EaDb2cAA777B749Cd956f8Aa5a1bA','','5709218','68','ETH','0x2f115b87c71ebd7d207707a2d9d0386eba79f4599fd35b875910099f25e2ee02','9.900000000000000000','85374/2018-05-31 00:00:00','845202.600000000000000000','[]','May 31, 2018, 4:36 p.m.'
'21','SYNCO-1st Pre-sale','Deposit','0x342095796dcD38287C2D8342dc1FBF5A17c03914','0x038f78eaeF4EaDb2cAA777B749Cd956f8Aa5a1bA','','5708281','44','ETH','0x75f28b7c498ae410433bb5979396879fe1afcff42f695db361ac560ce334bc48','9.989139000000000000','85374/2018-05-31 00:00:00','852812.752986000000000000','[]','May 31, 2018, 12:32 p.m.'
'20','SYNCO-1st Pre-sale','Deposit','0x2800DA9a17EC37A8C98b2B5BEBD5171d51769102','0x038f78eaeF4EaDb2cAA777B749Cd956f8Aa5a1bA','','5708247','17','ETH','0xd83f941b61c24658f7250e0cfbf5c64f23b57e2e76492ce4deccf5e3711565d9','4.000000000000000000','85374/2018-05-31 00:00:00','341496.000000000000000000','[]','May 31, 2018, 12:25 p.m.'
'19','SYNCO-1st Pre-sale','Deposit','0x582AD48364355AA5C02fA3360625D5b7284C58B9','0x038f78eaeF4EaDb2cAA777B749Cd956f8Aa5a1bA','','5705953','58','ETH','0x577f7eefccde6abe123eead34a0e74c3a1a6926387267925ec65ee884eab6365','3.000000000000000000','85374/2018-05-31 00:00:00','256122.000000000000000000','[]','May 31, 2018, 2:39 a.m.'
'18','SYNCO-1st Pre-sale','Deposit','0xB59dc386C4080BD2002E4B5DA234864c97835c0c','0x038f78eaeF4EaDb2cAA777B749Cd956f8Aa5a1bA','','5705913','84','ETH','0x0c9c69c8f70f76febcf086624c89fc306ce9cf8c2c66a5a23a39094369f0c620','5.000000000000000000','85374/2018-05-31 00:00:00','426870.000000000000000000','[]','May 31, 2018, 2:30 a.m.'
'17','SYNCO-1st Pre-sale','Deposit','0x2991D27DA285c7d110188661C1C408597B4311Ea','0x038f78eaeF4EaDb2cAA777B749Cd956f8Aa5a1bA','','5705850','14','ETH','0x2e5ba7710ab381c26efb81bb33734618a32212cecb6f66796e4fa48853b9eb1f','3.000000000000000000','85374/2018-05-31 00:00:00','256122.000000000000000000','[]','May 31, 2018, 2:13 a.m.'
'16','SYNCO-1st Pre-sale','Deposit','0x2eD34ec6459E710453d9055006c309fa4cA3914A','0x038f78eaeF4EaDb2cAA777B749Cd956f8Aa5a1bA','','5703706','5','ETH','0xdd2874f6755a405056e8855fdd1dda081291222c6b3e527fc797541ad2abfb5d','5.000000000000000000','78359/2018-05-30 00:00:00','391795.000000000000000000','[]','May 30, 2018, 5:11 p.m.'
'15','SYNCO-1st Pre-sale','Deposit','0x5945De26af2f05f4fa9a53f90C278a4D45e38697','0x038f78eaeF4EaDb2cAA777B749Cd956f8Aa5a1bA','','5702616','134','ETH','0xa59655657a09032cedfef0b86dd7f5b31cd56d4533c3bea1d1416a4068561195','2.000000000000000000','78359/2018-05-30 00:00:00','156718.000000000000000000','[]','May 30, 2018, 12:37 p.m.'
'14','SYNCO-1st Pre-sale','Deposit','0xC22056Fc20B8D4A973BD7D68705Dd912C9f45F2D','0x038f78eaeF4EaDb2cAA777B749Cd956f8Aa5a1bA','','5702177','88','ETH','0x528516d2a6723665cb709a833eb52cd78af16527f7350c776ce28866562a2c4e','10.000000000000000000','78359/2018-05-30 00:00:00','783590.000000000000000000','[]','May 30, 2018, 10:33 a.m.'
'13','SYNCO-1st Pre-sale','Deposit','0x5F3D009273B2A41A5563eF7d8511C07CB0395f84','0x038f78eaeF4EaDb2cAA777B749Cd956f8Aa5a1bA','','5702067','60','ETH','0xca2a504dc3b288e040851fbcb0ede65e95fbae2575dbfa61942d2977bb56c092','2.074140040000000000','78359/2018-05-30 00:00:00','162527.539394360000000000','[]','May 30, 2018, 10:09 a.m.'
'12','SYNCO-1st Pre-sale','Deposit','0x630c27E8Ff0E25E1083F1066795Dd5053cef3B29','0x038f78eaeF4EaDb2cAA777B749Cd956f8Aa5a1bA','','5702061','31','ETH','0xcf7eab7bfb532de323666b5b4feac77cc96e07e28331021618b62424fd585694','1.000000000000000000','78359/2018-05-30 00:00:00','78359.000000000000000000','[]','May 30, 2018, 10:08 a.m.'
'11','SYNCO-1st Pre-sale','Deposit','0x239e5D82E1F06498098bF1aedEc0Baa26897c1d1','0x038f78eaeF4EaDb2cAA777B749Cd956f8Aa5a1bA','','5701534','24','ETH','0xe12a661503ef91cd0f169c566495b1aa78fe953479c9bf2ce90ebce7fe24c2d1','3.000000000000000000','78359/2018-05-30 00:00:00','235077.000000000000000000','[]','May 30, 2018, 7:46 a.m.'
'10','SYNCO-1st Pre-sale','Deposit','0x37A40a3727dbE73d1917CE160031D86fd4EC7f74','0x038f78eaeF4EaDb2cAA777B749Cd956f8Aa5a1bA','','5701439','31','ETH','0xd79d256d6f3cc24e5b43e9b957201ac5c0766874c1f53912769a9df2a7845f90','1.240000000000000000','78359/2018-05-30 00:00:00','97165.160000000000000000','[]','May 30, 2018, 7:21 a.m.'
'9','SYNCO-1st Pre-sale','Deposit','0x141f9AD583947fDF04BE52A63E7ef96Fe6eE579B','0x038f78eaeF4EaDb2cAA777B749Cd956f8Aa5a1bA','','5701427','241','ETH','0x1fc1a544c6cd5f1a2c4f5cf20ab3065525bca55a7a2c9d3c7ce0c9a0e2787135','2.000000000000000000','78359/2018-05-30 00:00:00','156718.000000000000000000','[]','May 30, 2018, 7:19 a.m.'
'8','SYNCO-1st Pre-sale','Deposit','0x6C9c4750527344d3750f1333b9C5c389a1FD2E70','0x038f78eaeF4EaDb2cAA777B749Cd956f8Aa5a1bA','','5700827','3','ETH','0x95579bbaea0600ad5bd0ece159ee0003b37370e43871ebc817a2fd7c7d7921fd','1.115287570000000000','78359/2018-05-30 00:00:00','87392.818697630000000000','[]','May 30, 2018, 4:44 a.m.'
'6','SYNCO-1st Pre-sale','Deposit','0x49Fb5E7ef4f72C09e8f76e6111b7DEb9a19AF5b5','0x038f78eaeF4EaDb2cAA777B749Cd956f8Aa5a1bA','','5700816','2','ETH','0xed31c8bab3bff8a31b729ea6ca95afe7508e7e31e7c0b3607aa8ae6634b3e854','2.000000000000000000','78359/2018-05-30 00:00:00','156718.000000000000000000','[]','May 30, 2018, 4:41 a.m.'
'4','SYNCO-1st Pre-sale','Deposit','0x3ce2877275A8BcD66E7CFaC3C8E07633bfd5a8Fe','0x038f78eaeF4EaDb2cAA777B749Cd956f8Aa5a1bA','','5700430','176','ETH','0xe2dda07709649e823dbb1f87ed6b4cb2d7c3b3eb3ac3522401c847ebe0d5600f','3.000000000000000000','78359/2018-05-30 00:00:00','235077.000000000000000000','[]','May 30, 2018, 3:04 a.m.'
'3','SYNCO-1st Pre-sale','Deposit','0x6C9c4750527344d3750f1333b9C5c389a1FD2E70','0x038f78eaeF4EaDb2cAA777B749Cd956f8Aa5a1bA','','5700443','13','ETH','0x831fdbf4894daf086afeffe37649c87dfab76197a0bf06ee53eefefa63d4727a','1.500000000000000000','78359/2018-05-30 00:00:00','117538.500000000000000000','[]','May 30, 2018, 3:08 a.m.'
'2','SYNCO-1st Pre-sale','Deposit','0xc8D87D7dD35221C3B3e009A06E8aA1D22534Ec94','0x038f78eaeF4EaDb2cAA777B749Cd956f8Aa5a1bA','','5700423','4','ETH','0x804df3c083feef007fd2bff21e15205b5f1c92a9a3812466e9e8066050cff842','1.000000000000000000','78359/2018-05-30 00:00:00','78359.000000000000000000','[]','May 30, 2018, 3:03 a.m.'
